<resources>
    <string name="app_name">StudentCorner</string>
    <string name="rollno">Please Enter Your Roll No.</string>
    <string name="display">Display Student Details</string>
    <string name="showDetails">Student Details Shown Here...</string>
    <string name="marks">Please Enter Your Marks</string>
    <string name="calculate_grade">Calculate Grade</string>
    <string name="show_grade">Grade Shown Here...</string>
    <string name="tot_att">Please Enter the Total Attendance</string>
    <string name="calculate_Attendance">Calculate Percentage Attendance</string>
    <string name="show_per_att">Percentage Attendance Shown Here...</string>
</resources>